,timestamp,raw_mix.lab.measure.moisture_out,raw_mix.lab.measure.sito_009
0,2025-01-04 20:00:00,0.83,20.8
1,2025-01-04 22:00:00,0.85,19.2
2,2025-01-05 00:00:00,0.83,18.7
3,2025-01-05 02:00:00,0.84,17.8
4,2025-01-05 04:00:00,0.81,20.0
5,2025-01-05 06:00:00,0.85,19.4
6,2025-01-05 08:00:00,0.83,19.1
7,2025-01-05 10:00:00,0.8,20.3
8,2025-01-05 12:00:00,0.84,16.6
9,2025-01-05 14:00:00,0.83,17.0
10,2025-01-05 16:00:00,0.79,16.0
11,2025-01-05 18:00:00,0.81,16.7
12,2025-01-05 20:00:00,0.85,19.1
13,2025-01-05 22:00:00,0.82,18.5
14,2025-01-06 00:00:00,0.8,17.8
15,2025-01-06 02:00:00,0.84,18.0
16,2025-01-06 04:00:00,0.81,18.6
17,2025-01-06 05:30:00,0.83,17.5
18,2025-01-06 14:00:00,0.84,20.5
19,2025-01-06 16:00:00,0.84,19.8
20,2025-01-06 18:00:00,0.83,19.4
21,2025-01-06 20:00:00,0.8,18.3
22,2025-01-06 22:00:00,0.81,19.2
23,2025-01-07 00:00:00,0.84,19.5
24,2025-01-07 02:00:00,0.79,19.4
25,2025-01-07 04:00:00,0.82,19.9
26,2025-01-07 06:00:00,0.8,18.2
27,2025-01-07 08:00:00,0.82,15.2
28,2025-01-07 10:00:00,0.84,16.4
29,2025-01-07 12:00:00,0.8,15.6
30,2025-01-07 14:00:00,0.85,19.8
31,2025-01-07 16:00:00,0.81,18.6
32,2025-01-07 18:00:00,0.84,20.1
33,2025-01-07 20:00:00,0.84,20.2
34,2025-01-07 22:00:00,0.85,20.7
35,2025-01-08 00:00:00,0.83,19.8
36,2025-01-08 02:00:00,0.83,18.6
37,2025-01-08 04:00:00,0.81,18.0
38,2025-01-08 06:00:00,0.84,17.9
39,2025-01-08 08:00:00,0.86,18.0
40,2025-01-08 11:15:00,0.84,17.8
41,2025-01-08 12:00:00,0.83,18.8
42,2025-01-08 14:00:00,0.8,17.6
43,2025-01-08 16:00:00,0.82,18.2
44,2025-01-08 18:00:00,0.85,18.5
45,2025-01-08 20:00:00,0.86,17.0
46,2025-01-08 22:00:00,0.8,18.9
47,2025-01-09 00:00:00,0.81,17.1
48,2025-01-09 02:00:00,0.85,19.4
49,2025-01-09 04:00:00,0.85,18.6
50,2025-01-09 06:00:00,0.8,16.1
51,2025-01-09 08:00:00,0.78,15.9
52,2025-01-09 22:00:00,0.85,19.5
53,2025-01-10 00:00:00,0.82,17.8
54,2025-01-10 02:00:00,0.84,18.3
55,2025-01-10 04:00:00,0.8,17.5
56,2025-01-10 06:00:00,0.83,17.0
57,2025-01-10 08:00:00,0.84,16.8
58,2025-01-10 10:00:00,0.85,17.4
59,2025-01-10 12:00:00,0.83,18.4
60,2025-01-10 14:00:00,0.84,17.1
61,2025-01-10 16:00:00,0.82,17.3
62,2025-01-10 18:00:00,0.85,18.0
63,2025-01-10 20:00:00,0.78,17.3
64,2025-01-10 22:00:00,0.81,19.4
65,2025-01-11 00:00:00,0.84,19.0
66,2025-01-11 02:00:00,0.8,16.4
67,2025-01-11 04:00:00,0.83,16.0
68,2025-01-11 06:00:00,0.85,16.2
69,2025-01-11 08:00:00,0.84,19.6
70,2025-01-11 10:00:00,0.81,16.8
71,2025-01-11 12:00:00,0.83,19.9
72,2025-01-11 14:00:00,0.79,17.8
73,2025-01-11 16:00:00,0.82,19.1
74,2025-01-11 18:00:00,0.84,17.5
75,2025-01-11 20:00:00,0.83,16.9
76,2025-01-11 22:00:00,0.84,17.6
77,2025-01-12 00:00:00,0.82,17.8
78,2025-01-12 02:00:00,0.85,18.5
79,2025-01-12 04:00:00,0.84,19.1
80,2025-01-12 06:00:00,0.85,18.3
81,2025-01-12 08:00:00,0.87,19.5
82,2025-01-12 10:00:00,0.84,18.6
83,2025-01-12 12:00:00,0.82,20.4
84,2025-01-12 14:00:00,0.85,19.5
85,2025-01-12 16:00:00,0.83,18.0
86,2025-01-12 18:00:00,0.82,16.9
87,2025-01-12 20:00:00,0.84,17.6
88,2025-01-12 22:00:00,0.82,16.3
89,2025-01-13 00:00:00,0.86,20.4
90,2025-01-13 02:00:00,0.84,19.8
91,2025-01-13 04:00:00,0.83,18.4
92,2025-01-13 06:00:00,0.81,18.4
93,2025-01-13 08:00:00,0.82,19.6
94,2025-01-13 10:00:00,0.8,20.4
95,2025-01-13 12:00:00,0.83,20.1
96,2025-01-13 14:00:00,0.86,18.2
97,2025-01-13 16:00:00,0.84,18.5
98,2025-01-13 18:00:00,0.8,17.2
99,2025-01-13 20:00:00,0.85,16.5
100,2025-01-13 22:00:00,0.82,17.1
101,2025-01-14 00:00:00,0.8,18.2
102,2025-01-14 02:00:00,0.84,17.4
103,2025-01-14 04:00:00,0.83,17.0
104,2025-01-14 06:00:00,0.82,18.5
105,2025-01-14 08:00:00,0.84,17.8
106,2025-01-14 10:00:00,0.82,18.9
107,2025-01-14 12:00:00,0.84,18.7
108,2025-01-14 14:00:00,0.85,17.5
109,2025-01-14 16:00:00,0.86,20.7
110,2025-01-14 18:00:00,0.85,19.9
111,2025-01-14 20:00:00,0.83,21.3
112,2025-01-14 21:59:59,0.82,20.3
113,2025-01-14 23:59:59,0.86,21.6
114,2025-01-15 01:59:59,0.84,20.8
115,2025-01-15 03:59:59,0.82,17.3
116,2025-01-15 05:59:59,0.8,19.1
117,2025-01-15 07:59:59,0.86,21.0
118,2025-01-15 09:59:59,0.82,20.9
119,2025-01-15 11:59:59,0.81,21.4
120,2025-01-15 13:59:59,0.79,21.2
121,2025-01-15 15:59:59,0.82,20.8
122,2025-01-15 17:59:59,0.86,19.7
123,2025-01-15 19:59:59,0.84,17.6
124,2025-01-15 21:59:59,0.82,18.3
125,2025-01-15 23:59:59,0.85,19.6
126,2025-01-16 01:59:59,0.86,18.1
127,2025-01-16 07:59:59,0.85,19.6
128,2025-01-16 09:59:59,0.83,20.3
129,2025-01-16 11:59:59,0.84,19.8
130,2025-01-16 13:59:59,0.8,18.5
131,2025-01-16 15:59:59,0.82,20.0
132,2025-01-16 17:59:59,0.85,19.6
133,2025-01-16 19:59:59,0.79,20.5
134,2025-01-16 21:59:59,0.89,19.6
135,2025-01-16 23:59:59,0.86,17.7
136,2025-01-17 01:59:59,0.86,16.5
137,2025-01-17 03:59:59,0.81,16.2
138,2025-01-17 05:59:59,0.88,17.0
139,2025-01-17 07:59:59,0.83,18.2
140,2025-01-17 12:00:00,0.8,22.5
141,2025-01-17 14:00:00,0.82,20.1
142,2025-01-17 16:00:00,0.85,20.0
143,2025-01-17 18:00:00,0.83,20.4
144,2025-01-17 20:00:00,0.83,18.4
145,2025-01-17 22:00:00,0.85,20.0
146,2025-01-18 00:00:00,0.82,19.2
147,2025-01-18 02:00:00,0.84,19.1
148,2025-01-18 04:00:00,0.83,19.6
149,2025-01-18 06:00:00,0.81,18.6
150,2025-01-18 08:00:00,0.83,18.7
151,2025-01-18 10:00:00,0.84,20.5
152,2025-01-18 12:00:00,0.83,19.4
153,2025-01-18 14:00:00,0.84,18.0
154,2025-01-18 16:00:00,0.82,18.7
155,2025-01-18 18:00:00,0.84,17.5
156,2025-01-18 20:00:00,0.78,17.4
157,2025-01-18 22:00:00,0.82,20.5
158,2025-01-19 00:00:00,0.84,17.4
159,2025-01-19 02:00:00,0.83,20.7
160,2025-01-19 04:00:00,0.8,21.4
161,2025-01-19 06:00:00,0.82,20.3
162,2025-01-19 08:00:00,0.81,22.0
163,2025-01-19 10:00:00,0.83,21.8
164,2025-01-19 12:00:00,0.79,18.6
165,2025-01-19 14:00:00,0.82,20.0
166,2025-01-19 16:00:00,0.81,21.3
167,2025-01-19 18:00:00,0.8,18.6
168,2025-01-19 20:00:00,0.82,17.0
169,2025-01-19 22:00:00,0.83,18.6
170,2025-01-20 00:00:00,0.84,20.2
171,2025-01-20 02:00:00,0.84,18.8
172,2025-01-20 04:00:00,0.82,18.0
173,2025-01-20 06:00:00,0.85,19.1
174,2025-01-20 08:00:00,0.83,20.0
175,2025-01-20 10:00:00,0.84,20.2
176,2025-01-20 12:00:00,0.82,19.3
177,2025-01-20 14:00:00,0.8,19.0
178,2025-01-20 16:00:00,0.83,17.6
179,2025-01-20 18:00:00,0.85,20.0
180,2025-01-20 20:00:00,0.84,21.4
181,2025-01-20 22:00:00,0.86,20.4
182,2025-01-21 00:00:00,0.89,21.4
183,2025-01-21 02:00:00,0.84,19.7
184,2025-01-21 04:00:00,0.88,17.8
185,2025-01-21 06:00:00,0.85,18.1
186,2025-01-21 08:00:00,0.8,15.4
187,2025-01-21 10:00:00,0.82,15.6
188,2025-01-21 12:00:00,0.85,21.8
189,2025-01-21 14:00:00,0.8,20.3
190,2025-01-21 16:00:00,0.83,21.9
191,2025-01-21 18:00:00,0.79,20.4
192,2025-01-21 20:00:00,0.83,20.6
193,2025-01-21 22:00:00,0.82,20.0
194,2025-01-22 00:00:00,0.8,19.5
195,2025-01-22 02:00:00,0.81,19.3
196,2025-01-22 04:00:00,0.84,20.2
197,2025-01-22 06:00:00,0.85,18.7
198,2025-01-22 08:00:00,0.83,20.8
199,2025-01-22 10:00:00,0.84,19.8
200,2025-01-22 12:00:00,0.84,19.7
201,2025-01-22 14:00:00,0.82,19.9
202,2025-01-22 16:00:00,0.83,18.1
203,2025-01-23 02:00:00,0.87,21.0
204,2025-01-23 04:00:00,0.84,20.4
205,2025-01-23 05:59:59,0.83,17.1
206,2025-01-23 07:59:59,0.85,16.0
207,2025-01-23 09:59:59,0.83,17.3
208,2025-01-23 11:59:59,0.81,19.2
209,2025-01-23 13:59:59,0.79,21.0
210,2025-01-23 15:59:59,0.8,20.7
211,2025-01-23 17:59:59,0.82,20.2
212,2025-01-23 19:59:59,0.84,18.0
213,2025-01-23 21:59:59,0.83,18.7
214,2025-01-23 23:59:59,0.81,19.1
215,2025-01-24 01:59:59,0.82,19.7
216,2025-01-24 03:59:59,0.84,18.1
217,2025-01-24 05:59:59,0.83,17.8
218,2025-01-24 07:59:59,0.8,19.8
219,2025-01-24 09:59:59,0.82,19.5
220,2025-01-24 11:59:59,0.84,20.0
221,2025-01-24 13:59:59,0.83,19.6
222,2025-01-24 15:59:59,0.8,17.3
223,2025-01-25 04:00:00,0.76,18.4
224,2025-01-25 06:00:00,0.79,20.9
225,2025-01-25 08:00:00,0.84,22.7
226,2025-01-25 10:00:00,0.82,22.0
227,2025-01-25 12:00:00,0.82,16.0
228,2025-01-25 16:00:00,0.83,21.0
229,2025-01-25 18:00:00,0.8,20.3
230,2025-01-25 20:00:00,0.85,16.2
231,2025-01-25 22:00:00,0.83,15.5
232,2025-01-26 00:00:00,0.8,20.6
233,2025-01-26 02:00:00,0.84,19.8
234,2025-01-26 04:00:00,0.82,19.7
235,2025-01-26 06:00:00,0.8,20.2
236,2025-01-26 08:00:00,0.82,21.1
237,2025-01-26 10:00:00,0.84,20.8
238,2025-01-26 12:00:00,0.81,19.0
239,2025-01-26 14:00:00,0.82,19.5
240,2025-01-26 16:00:00,0.83,18.3
241,2025-01-26 18:00:00,0.84,17.8
242,2025-01-26 20:00:00,0.82,19.6
243,2025-01-26 22:00:00,0.8,18.9
244,2025-01-27 00:00:00,0.77,18.7
245,2025-01-27 02:00:00,0.78,20.8
246,2025-01-27 04:00:00,0.81,21.2
247,2025-01-27 06:00:00,0.82,19.1
248,2025-01-27 08:00:00,0.78,18.0
249,2025-01-27 10:00:00,0.8,16.4
250,2025-01-27 12:00:00,0.79,20.6
251,2025-01-27 14:00:00,0.82,23.7
252,2025-01-27 16:00:00,0.8,20.8
253,2025-01-27 18:00:00,0.76,21.0
254,2025-01-27 20:00:00,0.82,17.0
255,2025-01-27 22:00:00,0.84,18.7
256,2025-01-28 00:00:00,0.81,18.5
257,2025-01-28 02:00:00,0.83,18.9
258,2025-01-28 04:00:00,0.85,19.2
259,2025-01-28 06:00:00,0.82,19.0
260,2025-01-28 12:00:00,0.84,21.5
261,2025-01-28 14:00:00,0.85,18.1
262,2025-01-28 16:00:00,0.82,18.6
263,2025-01-28 18:00:00,0.83,19.2
264,2025-01-28 20:00:00,0.79,18.0
265,2025-01-28 22:00:00,0.82,20.2
266,2025-01-29 02:00:00,0.82,19.6
267,2025-01-29 04:00:00,0.8,17.3
268,2025-01-29 06:00:00,0.81,17.6
269,2025-01-29 08:00:00,0.82,18.4
270,2025-01-29 10:00:00,0.8,21.7
271,2025-01-29 12:00:00,0.82,18.2
272,2025-01-29 14:00:00,0.8,18.8
273,2025-01-29 16:00:00,0.83,17.0
274,2025-01-29 18:00:00,0.82,16.5
275,2025-01-29 20:00:00,0.84,17.2
276,2025-01-29 22:00:00,0.82,17.5
277,2025-01-30 00:00:00,0.8,19.8
278,2025-01-30 02:00:00,0.83,20.3
279,2025-01-30 04:00:00,0.86,19.2
280,2025-01-30 06:00:00,0.83,18.5
281,2025-01-30 08:00:00,0.84,17.8
282,2025-01-30 10:00:00,0.82,20.4
283,2025-01-30 12:00:00,0.85,19.0
284,2025-01-30 14:00:00,0.83,20.6
285,2025-01-30 16:00:00,0.82,19.9
286,2025-01-30 18:00:00,0.84,20.9
287,2025-01-30 20:00:00,0.79,17.2
288,2025-01-30 22:00:00,0.82,20.9
289,2025-01-31 00:00:00,0.83,21.0
290,2025-01-31 02:00:00,0.82,20.7
291,2025-01-31 04:00:00,0.85,20.0
292,2025-01-31 20:00:00,0.86,18.2
293,2025-01-31 22:00:00,0.84,20.1
294,2025-02-01 00:00:00,0.83,21.4
295,2025-02-01 02:00:00,0.84,20.5
296,2025-02-01 04:00:00,0.82,20.2
297,2025-02-01 06:00:00,0.85,18.3
298,2025-02-01 08:00:00,0.84,19.7
299,2025-02-01 10:00:00,0.85,20.2
300,2025-02-01 12:00:00,0.82,21.3
301,2025-02-01 14:00:00,0.8,18.5
302,2025-02-01 16:00:00,0.84,19.0
303,2025-02-01 18:00:00,0.8,19.2
304,2025-02-01 20:00:00,0.79,18.0
305,2025-02-01 22:00:00,0.8,17.4
306,2025-02-02 00:00:00,0.78,20.9
307,2025-02-02 02:00:00,0.82,21.7
308,2025-02-02 04:00:00,0.81,21.3
309,2025-02-02 06:00:00,0.83,20.3
310,2025-02-02 08:00:00,0.78,18.5
311,2025-02-02 10:00:00,0.81,16.4
312,2025-02-02 12:00:00,0.84,17.0
313,2025-02-02 14:00:00,0.82,20.0
314,2025-02-02 16:00:00,0.84,21.5
315,2025-02-02 18:00:00,0.8,19.7
316,2025-02-02 20:00:00,0.82,20.4
317,2025-02-02 22:00:00,0.84,18.2
318,2025-02-03 00:00:00,0.8,19.6
319,2025-02-03 02:00:00,0.83,20.2
320,2025-02-03 04:00:00,0.81,19.9
321,2025-02-03 06:00:00,0.85,19.1
322,2025-02-03 08:00:00,0.84,17.2
323,2025-02-03 10:00:00,0.85,17.8
324,2025-02-03 12:00:00,0.83,21.4
325,2025-02-03 14:00:00,0.84,21.8
326,2025-02-03 16:00:00,0.86,20.1
327,2025-02-03 18:00:00,0.83,19.8
328,2025-02-03 20:00:00,0.84,21.1
329,2025-02-03 22:00:00,0.82,20.6
330,2025-02-04 00:00:00,0.84,17.0
331,2025-02-04 02:00:00,0.81,16.8
332,2025-02-04 04:00:00,0.8,18.7
333,2025-02-04 06:00:00,0.82,20.5
334,2025-02-04 08:00:00,0.77,21.5
335,2025-02-04 10:00:00,0.79,21.9
336,2025-02-04 12:00:00,0.8,21.6
337,2025-02-04 14:00:00,0.78,21.0
338,2025-02-04 16:00:00,0.81,17.9
339,2025-02-04 18:00:00,0.8,21.6
340,2025-02-04 20:00:00,0.83,17.3
341,2025-02-04 22:00:00,0.84,18.5
342,2025-02-05 00:00:00,0.85,20.8
343,2025-02-05 02:00:00,0.82,21.2
344,2025-02-05 04:00:00,0.84,21.4
345,2025-02-05 06:00:00,0.83,21.4
346,2025-02-05 08:00:00,0.84,20.5
347,2025-02-05 14:00:00,0.85,19.0
348,2025-02-05 17:00:00,0.83,17.9
349,2025-02-05 18:00:00,0.82,19.5
350,2025-02-05 20:00:00,0.75,22.1
351,2025-02-05 22:00:00,0.78,20.6
352,2025-02-06 00:00:00,0.8,20.4
353,2025-02-06 02:00:00,0.79,21.2
354,2025-02-06 04:00:00,0.82,21.6
355,2025-02-06 06:00:00,0.8,22.0
356,2025-02-06 08:00:00,0.82,16.0
357,2025-02-06 10:00:00,0.83,16.8
358,2025-02-06 12:00:00,0.78,16.7
359,2025-02-06 14:00:00,0.8,17.1
360,2025-02-06 16:00:00,0.81,18.6
361,2025-02-06 18:00:00,0.86,21.1
362,2025-02-06 20:00:00,0.86,21.1
363,2025-02-06 22:00:00,0.83,20.5
364,2025-02-07 00:00:00,0.84,19.0
365,2025-02-07 02:00:00,0.8,19.3
366,2025-02-07 04:00:00,0.82,20.0
367,2025-02-07 06:00:00,0.85,18.8
368,2025-02-07 08:00:00,0.84,17.0
369,2025-02-07 10:00:00,0.82,18.4
370,2025-02-07 12:00:00,0.85,20.0
371,2025-02-07 14:00:00,0.83,20.8
372,2025-02-07 16:00:00,0.84,19.9
373,2025-02-07 18:00:00,0.85,20.7
374,2025-02-07 20:00:00,0.84,21.0
375,2025-02-07 22:00:00,0.8,21.1
376,2025-02-08 00:00:00,0.82,21.4
377,2025-02-08 02:00:00,0.79,21.8
378,2025-02-08 04:00:00,0.82,20.3
379,2025-02-08 06:00:00,0.84,21.2
380,2025-02-08 08:00:00,0.79,20.9
381,2025-02-08 10:00:00,0.81,20.6
382,2025-02-08 12:00:00,0.79,19.4
383,2025-02-08 14:00:00,0.8,19.0
384,2025-02-08 16:00:00,0.77,16.9
385,2025-02-08 18:00:00,0.78,16.3
386,2025-02-08 20:00:00,0.84,20.7
387,2025-02-08 22:00:00,0.82,21.0
388,2025-02-09 00:00:00,0.85,17.7
389,2025-02-09 02:00:00,0.83,18.3
390,2025-02-09 04:00:00,0.84,19.1
391,2025-02-09 06:00:00,0.82,19.3
392,2025-02-09 08:00:00,0.84,17.8
393,2025-02-09 10:00:00,0.85,18.7
394,2025-02-09 12:00:00,0.82,19.8
395,2025-02-09 14:00:00,0.86,19.5
396,2025-02-09 16:00:00,0.82,19.0
397,2025-02-09 18:00:00,0.83,19.3
398,2025-02-09 20:00:00,0.83,19.5
399,2025-02-09 22:00:00,0.81,20.8
400,2025-02-10 00:00:00,0.8,21.1
401,2025-02-10 02:00:00,0.84,18.7
402,2025-02-10 04:00:00,0.78,19.8
403,2025-02-10 06:00:00,0.81,17.6
404,2025-02-10 08:00:00,0.82,16.1
405,2025-02-10 10:00:00,0.84,18.2
406,2025-02-10 12:00:00,0.85,19.7
407,2025-02-10 14:00:00,0.83,18.4
408,2025-02-10 16:00:00,0.79,17.6
409,2025-02-10 18:00:00,0.81,18.2
410,2025-02-10 20:00:00,0.85,16.5
411,2025-02-10 22:00:00,0.82,18.2
412,2025-02-11 00:00:00,0.84,20.0
413,2025-02-11 02:00:00,0.79,20.2
414,2025-02-11 04:00:00,0.8,19.2
415,2025-02-11 06:00:00,0.83,19.6
416,2025-02-11 08:00:00,0.86,21.4
417,2025-02-11 10:00:00,0.85,21.9
418,2025-02-11 12:00:00,0.84,21.5
419,2025-02-11 14:00:00,0.82,19.1
420,2025-02-11 16:00:00,0.85,18.2
421,2025-02-11 18:00:00,0.84,17.7
422,2025-02-11 20:00:00,0.83,16.0
423,2025-02-11 22:00:00,0.82,17.0
424,2025-02-12 02:00:00,0.85,17.5
425,2025-02-12 04:00:00,0.79,20.1
426,2025-02-12 05:59:59,0.81,19.4
427,2025-02-12 07:59:59,0.79,18.9
428,2025-02-12 09:59:59,0.8,21.0
429,2025-02-12 11:59:59,0.77,20.7
430,2025-02-12 13:59:59,0.81,19.4
431,2025-02-12 15:59:59,0.8,20.0
432,2025-02-12 17:59:59,0.78,19.6
433,2025-02-12 19:59:59,0.84,21.8
434,2025-02-12 21:59:59,0.82,20.8
435,2025-02-12 23:59:59,0.8,20.1
436,2025-02-13 01:59:59,0.82,17.8
437,2025-02-13 03:59:59,0.83,19.0
438,2025-02-13 05:59:59,0.81,21.5
439,2025-02-13 07:59:59,0.85,21.6
440,2025-02-13 09:59:59,0.82,20.5
441,2025-02-13 11:59:59,0.8,19.6
442,2025-02-13 13:59:59,0.84,17.8
443,2025-02-13 15:59:59,0.82,18.8
444,2025-02-13 17:59:59,0.81,20.0
445,2025-02-13 19:59:59,0.84,20.0
446,2025-02-13 21:59:59,0.82,21.2
447,2025-02-13 23:59:59,0.79,20.8
448,2025-02-14 01:59:59,0.81,20.5
449,2025-02-14 03:59:59,0.85,18.6
450,2025-02-14 05:59:59,0.8,17.4
451,2025-02-14 08:00:00,0.84,17.9
452,2025-02-14 10:00:00,0.82,18.1
453,2025-02-14 12:00:00,0.83,20.2
454,2025-02-14 14:00:00,0.84,23.0
455,2025-02-14 16:00:00,0.85,21.8
456,2025-02-14 18:00:00,0.82,20.8
457,2025-02-14 20:00:00,0.82,21.2
458,2025-02-14 23:00:00,0.8,19.2
459,2025-02-15 00:00:00,0.84,18.0
460,2025-02-15 02:00:00,0.86,19.4
461,2025-02-15 17:00:00,0.87,19.2
462,2025-02-15 18:00:00,0.85,18.6
463,2025-02-15 20:00:00,0.85,20.3
464,2025-02-15 22:00:00,0.84,21.5
465,2025-02-16 00:00:00,0.82,18.3
466,2025-02-16 02:00:00,0.83,17.9
467,2025-02-16 04:00:00,0.84,17.2
468,2025-02-16 06:00:00,0.86,17.4
469,2025-02-16 08:00:00,0.86,18.8
470,2025-02-16 10:00:00,0.84,20.7
471,2025-02-16 12:00:00,0.83,21.2
472,2025-02-16 14:00:00,0.85,19.2
473,2025-02-16 16:00:00,0.84,16.5
474,2025-02-16 18:00:00,0.82,18.9
475,2025-02-16 20:00:00,0.84,19.8
476,2025-02-16 22:00:00,0.85,19.4
477,2025-02-17 00:00:00,0.83,20.2
478,2025-02-17 02:00:00,0.84,19.5
479,2025-02-17 04:00:00,0.82,19.7
480,2025-02-17 06:00:00,0.84,18.0
481,2025-02-17 08:00:00,0.84,20.2
482,2025-02-17 10:00:00,0.82,19.0
483,2025-02-17 12:00:00,0.8,19.6
484,2025-02-17 14:00:00,0.78,18.5
485,2025-02-17 16:00:00,0.85,18.7
486,2025-02-17 18:00:00,0.82,19.7
487,2025-02-17 20:00:00,0.84,18.7
488,2025-02-17 22:00:00,0.83,19.5
489,2025-02-18 00:00:00,0.84,22.8
490,2025-02-18 02:00:00,0.82,20.1
491,2025-02-18 04:00:00,0.8,21.0
492,2025-02-18 06:00:00,0.81,18.7
493,2025-02-18 08:00:00,0.85,16.7
494,2025-02-18 22:00:00,0.82,20.5
495,2025-02-18 23:59:59,0.8,20.5
496,2025-02-19 01:59:59,0.84,19.8
497,2025-02-19 03:59:59,0.83,18.3
498,2025-02-19 05:59:59,0.85,18.5
499,2025-02-19 07:59:59,0.84,19.3
500,2025-02-19 09:59:59,0.83,18.9
501,2025-02-19 11:59:59,0.85,19.5
502,2025-02-19 13:59:59,0.82,18.1
503,2025-02-19 15:59:59,0.8,17.5
504,2025-02-19 17:59:59,0.83,17.1
505,2025-02-19 19:59:59,0.84,17.5
506,2025-02-19 21:59:59,0.83,20.4
507,2025-02-19 23:59:59,0.82,21.0
508,2025-02-20 01:59:59,0.8,19.6
509,2025-02-20 03:59:59,0.82,19.8
510,2025-02-20 08:00:00,0.85,16.8
511,2025-02-20 10:00:00,0.82,20.0
512,2025-02-20 11:59:59,0.82,17.6
513,2025-02-20 13:59:59,0.83,17.5
514,2025-02-20 15:59:59,0.84,20.2
515,2025-02-20 17:59:59,0.81,18.7
516,2025-02-20 19:59:59,0.83,19.4
517,2025-02-20 21:59:59,0.84,17.8
518,2025-02-20 23:59:59,0.84,18.9
519,2025-02-21 01:59:59,0.82,19.5
520,2025-02-21 03:59:59,0.84,20.5
521,2025-02-21 05:59:59,0.82,19.9
522,2025-02-21 07:59:59,0.85,20.9
523,2025-02-21 09:59:59,0.83,20.0
524,2025-02-21 11:59:59,0.86,19.5
525,2025-02-21 13:59:59,0.82,19.4
526,2025-02-21 15:59:59,0.8,19.0
527,2025-02-21 17:59:59,0.83,19.4
528,2025-02-21 19:59:59,0.84,19.7
529,2025-02-21 21:59:59,0.85,18.8
530,2025-02-21 23:59:59,0.83,19.6
531,2025-02-22 01:59:59,0.82,21.5
532,2025-02-22 03:59:59,0.84,22.1
533,2025-02-22 05:59:59,0.84,18.8
534,2025-02-22 08:00:00,0.82,18.7
535,2025-02-22 10:00:00,0.85,22.1
536,2025-02-22 12:00:00,0.83,20.0
537,2025-02-22 14:00:00,0.81,18.8
538,2025-02-22 16:00:00,0.84,19.5
539,2025-02-22 18:00:00,0.82,18.0
540,2025-02-22 20:00:00,0.84,19.6
541,2025-02-22 22:00:00,0.85,20.0
542,2025-02-23 00:00:00,0.8,18.0
543,2025-02-23 02:00:00,0.82,18.1
544,2025-02-23 04:00:00,0.83,18.3
545,2025-02-23 06:00:00,0.8,18.6
546,2025-02-23 08:00:00,0.84,18.5
547,2025-02-23 10:00:00,0.83,18.0
548,2025-02-23 12:00:00,0.82,17.8
549,2025-02-23 14:00:00,0.84,18.4
550,2025-02-23 16:00:00,0.83,19.6
551,2025-02-23 18:00:00,0.83,20.0
552,2025-02-23 20:00:00,0.82,20.2
553,2025-02-23 22:00:00,0.8,21.2
554,2025-02-24 00:00:00,0.84,19.5
555,2025-02-24 02:00:00,0.82,20.0
556,2025-02-24 04:00:00,0.85,19.8
557,2025-02-24 06:00:00,0.84,21.0
558,2025-02-24 08:00:00,0.8,18.2
559,2025-02-24 10:00:00,0.83,17.8
560,2025-02-24 12:00:00,0.84,19.7
561,2025-02-24 14:00:00,0.83,22.0
562,2025-02-24 16:00:00,0.83,19.7
563,2025-02-24 18:00:00,0.84,19.7
564,2025-02-24 20:00:00,0.86,18.7
565,2025-02-24 22:00:00,0.84,19.5
566,2025-02-25 00:00:00,0.82,20.0
567,2025-02-25 02:00:00,0.8,19.0
568,2025-02-25 04:00:00,0.82,19.3
569,2025-02-25 06:00:00,0.84,18.8
570,2025-02-25 08:00:00,0.83,19.1
571,2025-02-25 10:00:00,0.82,21.3
572,2025-02-25 12:00:00,0.81,19.5
573,2025-02-25 14:00:00,0.84,20.7
574,2025-02-25 16:00:00,0.82,21.4
575,2025-02-25 18:00:00,0.8,16.4
576,2025-02-25 20:00:00,0.85,15.5
577,2025-02-25 22:00:00,0.83,19.7
578,2025-02-26 00:00:00,0.83,20.0
579,2025-02-26 02:00:00,0.86,20.8
580,2025-02-26 04:00:00,0.83,19.6
581,2025-02-26 06:00:00,0.85,21.0
582,2025-02-26 08:00:00,0.84,149.5
583,2025-02-26 10:00:00,0.82,18.7
584,2025-02-26 12:00:00,0.8,18.9
585,2025-02-26 14:00:00,0.81,18.1
586,2025-02-26 16:00:00,0.82,19.8
587,2025-02-26 18:00:00,0.83,19.0
588,2025-02-26 20:00:00,0.82,20.0
589,2025-02-26 22:00:00,0.84,19.1
590,2025-02-27 00:00:00,0.83,17.0
591,2025-02-27 02:00:00,0.81,18.6
592,2025-02-27 04:00:00,0.84,18.9
593,2025-02-27 06:00:00,0.82,19.7
594,2025-02-27 08:00:00,0.85,18.6
595,2025-02-27 10:00:00,0.83,18.8
596,2025-02-27 12:00:00,0.86,19.0
597,2025-02-27 14:00:00,0.84,19.6
598,2025-02-27 16:00:00,0.82,18.2
599,2025-02-27 18:00:00,0.8,20.0
600,2025-02-27 20:00:00,0.84,18.2
601,2025-02-27 22:00:00,0.8,21.2
602,2025-02-28 00:00:00,0.82,20.9
603,2025-02-28 02:00:00,0.83,21.7
604,2025-02-28 04:00:00,0.82,20.3
605,2025-02-28 06:00:00,0.84,19.2
606,2025-03-01 02:00:00,0.84,20.2
607,2025-03-01 04:00:00,0.85,21.5
608,2025-03-01 06:00:00,0.83,20.7
609,2025-03-01 08:00:00,0.85,18.5
610,2025-03-01 10:00:00,0.83,20.5
611,2025-03-01 12:00:00,0.86,19.8
612,2025-03-01 14:00:00,0.82,19.3
613,2025-03-01 16:00:00,0.84,19.0
614,2025-03-01 18:00:00,0.8,19.6
615,2025-03-01 20:00:00,0.84,19.4
616,2025-03-01 22:00:00,0.82,20.7
617,2025-03-02 00:00:00,0.82,19.1
618,2025-03-02 02:00:00,0.83,20.2
619,2025-03-02 04:00:00,0.86,20.0
620,2025-03-02 06:00:00,0.85,20.3
621,2025-03-02 08:00:00,0.86,20.0
622,2025-03-02 10:00:00,0.83,20.6
623,2025-03-02 12:00:00,0.8,16.5
624,2025-03-02 14:00:00,0.84,16.0
625,2025-03-02 16:00:00,0.82,16.0
626,2025-03-02 18:00:00,0.81,18.9
627,2025-03-02 20:00:00,0.82,20.2
628,2025-03-02 22:00:00,0.83,19.6
629,2025-03-03 00:00:00,0.85,19.0
630,2025-03-03 02:00:00,0.8,18.6
631,2025-03-03 04:00:00,0.81,20.0
632,2025-03-03 06:00:00,0.84,18.8
633,2025-03-03 08:00:00,0.83,19.6
634,2025-03-03 10:00:00,0.84,21.6
635,2025-03-03 12:00:00,0.82,20.7
636,2025-03-03 14:00:00,0.83,19.8
637,2025-03-03 16:00:00,0.84,21.3
638,2025-03-03 18:00:00,0.82,20.4
639,2025-03-03 20:00:00,0.8,16.0
640,2025-03-03 22:00:00,0.81,20.6
641,2025-03-04 00:00:00,0.78,21.4
642,2025-03-04 02:00:00,0.77,20.2
643,2025-03-04 04:00:00,0.82,20.8
644,2025-03-04 06:00:00,0.8,19.1
645,2025-03-04 08:00:00,0.82,15.5
646,2025-03-04 10:00:00,0.8,20.1
647,2025-03-04 12:00:00,0.82,22.0
648,2025-03-04 14:00:00,0.79,20.3
649,2025-03-04 16:00:00,0.82,20.4
650,2025-03-04 18:00:00,0.8,19.2
651,2025-03-04 20:00:00,0.84,19.0
652,2025-03-04 22:00:00,0.85,20.1
653,2025-03-05 00:00:00,0.83,18.1
654,2025-03-05 02:00:00,0.84,16.8
655,2025-03-05 04:00:00,0.82,18.7
656,2025-03-05 06:00:00,0.84,19.8
657,2025-03-05 08:00:00,0.85,19.6
658,2025-03-05 10:00:00,0.83,19.0
659,2025-03-05 12:00:00,0.8,19.2
660,2025-03-05 14:00:00,0.84,19.3
661,2025-03-05 16:00:00,0.82,20.0
662,2025-03-05 18:00:00,0.86,19.8
663,2025-03-05 20:00:00,0.8,19.6
664,2025-03-05 22:00:00,0.83,20.1
665,2025-03-06 00:00:00,0.8,19.2
666,2025-03-06 02:00:00,0.8,20.3
667,2025-03-06 04:00:00,0.84,19.8
668,2025-03-06 06:00:00,0.83,17.6
669,2025-03-06 08:00:00,0.82,17.6
670,2025-03-06 10:00:00,0.74,21.4
671,2025-03-06 12:00:00,0.81,20.8
672,2025-03-06 14:00:00,0.86,22.1
673,2025-03-06 16:00:00,0.81,20.9
674,2025-03-06 18:00:00,0.82,19.8
675,2025-03-06 20:00:00,0.84,19.6
676,2025-03-06 22:00:00,0.85,18.2
677,2025-03-07 00:00:00,0.83,19.0
678,2025-03-07 02:00:00,0.82,18.3
679,2025-03-07 04:00:00,0.8,18.8
680,2025-03-07 06:00:00,0.85,19.6
681,2025-03-07 08:00:00,0.84,22.5
682,2025-03-07 10:00:00,0.83,21.2
683,2025-03-07 12:00:00,0.85,18.1
684,2025-03-07 14:00:00,0.84,20.4
685,2025-03-07 16:00:00,0.86,19.5
686,2025-03-07 18:00:00,0.84,19.0
687,2025-03-07 20:00:00,0.8,18.0
688,2025-03-07 22:00:00,0.88,19.2
689,2025-03-08 00:00:00,0.85,19.7
690,2025-03-08 02:00:00,0.86,17.5
691,2025-03-08 04:00:00,0.85,18.2
692,2025-03-08 06:00:00,0.8,17.8
693,2025-03-08 08:00:00,0.81,20.8
694,2025-03-08 10:00:00,0.83,17.6
695,2025-03-08 12:00:00,0.82,19.7
696,2025-03-08 14:00:00,0.8,20.3
697,2025-03-08 16:00:00,0.8,20.4
698,2025-03-08 18:00:00,0.79,20.2
699,2025-03-08 20:00:00,0.82,21.8
700,2025-03-08 22:00:00,0.83,21.0
701,2025-03-09 00:00:00,0.8,19.8
702,2025-03-09 02:00:00,0.84,18.3
703,2025-03-09 04:00:00,0.85,17.6
704,2025-03-09 06:00:00,0.82,18.0
705,2025-03-09 08:00:00,0.84,18.3
706,2025-03-09 10:00:00,0.85,17.8
707,2025-03-09 12:00:00,0.82,19.8
708,2025-03-09 14:00:00,0.8,20.0
709,2025-03-09 16:00:00,0.83,19.5
710,2025-03-09 18:00:00,0.81,20.0
711,2025-03-09 20:00:00,0.8,19.8
712,2025-03-09 22:00:00,0.83,21.8
713,2025-03-10 00:00:00,0.82,20.6
714,2025-03-10 02:00:00,0.8,20.1
715,2025-03-10 04:00:00,0.85,18.6
716,2025-03-10 06:00:00,0.82,17.4
717,2025-03-10 08:00:00,0.84,17.0
718,2025-03-10 10:00:00,0.9,17.0
719,2025-03-10 12:00:00,0.86,17.9
